Packet ID,Branch Name,Description,Primary Interface,Dependencies,Required CI Checks,Definition of Done Summary,Est. Days,Phase,Owner Role
P1-SETUP-001,feature/P1-SETUP-001-database-schema,Database Schema Migration with Drizzle ORM,"db client (packages/database/src/client.ts), all schema exports",Neon Postgres provisioned,"Unit tests, migration tests, schema validation, contract tests","All 17 tables created, migrations applied, tests passing (95%+ coverage), CI green",3,Setup,Schema Owner + Backend Engineer
P1-SETUP-002,feature/P1-SETUP-002-workers-foundation,Cloudflare Workers Foundation Setup,"Worker Env interface, health check endpoints",Cloudflare account with Workers enabled,"Worker build, health check tests, unit tests","All workers deployable, health checks responding, KV namespaces bound, CI green",2,Setup,DevOps + Backend Engineer
P1-SETUP-003,feature/P1-SETUP-003-r2-buckets,R2 Bucket Infrastructure and Service,"R2Service interface (packages/r2-service/src/index.ts), R2Keys structure",R2 enabled on Cloudflare account,"Unit tests (R2Service), integration tests (upload/download), key structure tests","R2 buckets created (prod/preview), R2Service tested, presigned URLs working, CI green",2,Setup,DevOps + Backend Engineer
P1-AUTH-001,feature/P1-AUTH-001-betterauth-integration,BetterAuth Integration with Drizzle,"Auth service API (/api/auth/*), authService, guards (requireAuth etc.)","P1-SETUP-001 (database), BETTER_AUTH_SECRET configured","Auth service unit tests, guards tests, integration tests (full auth flow), API endpoint tests","BetterAuth configured, auth guards working, API endpoints mounted, tests passing (95%+ coverage), CI green",5,Core Services,Backend Engineer + Auth Specialist
P1-CONTENT-001,feature/P1-CONTENT-001-content-service,Content Service & Media Library,"Content API (/api/content/*, /api/media/*), ContentService interface","P1-SETUP-001 (database), P1-SETUP-003 (R2), P1-AUTH-001 (guards)","Unit tests (ContentService), upload flow integration tests, organization scoping tests, API tests","Content CRUD working, media library implemented, presigned upload URLs, organization-scoped queries, tests passing (95%+ coverage), CI green",5,Core Services,Backend Engineer + Content Specialist
P1-ECOM-001,feature/P1-ECOM-001-stripe-checkout,Stripe Checkout Integration,"Purchase API (/api/checkout), webhook (/webhooks/stripe/payment), PurchaseService","P1-SETUP-001 (database), P1-CONTENT-001 (content), P1-NOTIFY-001 (emails), Stripe account configured","Unit tests (PurchaseService), webhook tests, race condition tests, integration tests","Stripe checkout working, webhook handler deployed, duplicate prevention, free content handling, tests passing (95%+ coverage), CI green",5,Core Services,Backend Engineer + Payment Specialist
P1-NOTIFY-001,feature/P1-NOTIFY-001-email-notifications,Email Notification Service with Resend,"NotificationService interface (packages/notifications), email templates",Resend API key configured,"Template rendering tests, NotificationService unit tests, Resend integration tests","Notification service implemented, 3 email templates created, Resend adapter working, retry logic tested, tests passing (100% on templates), CI green",3,Core Services,Backend Engineer
P1-ACCESS-001,feature/P1-ACCESS-001-content-access,Content Access & Playback Tracking,"Access API (/api/media/:id/stream, /api/playback/progress), ContentAccessService","P1-SETUP-001 (database), P1-SETUP-003 (R2), P1-CONTENT-001 (content), P1-ECOM-001 (purchases)","Access control tests, streaming URL tests, playback progress tests, library tests","Access checks working, signed streaming URLs, playback progress tracking, user library, tests passing (95%+ coverage), CI green",4,Feature Packets,Backend Engineer + Media Specialist
P1-ADMIN-001,feature/P1-ADMIN-001-admin-dashboard,Admin Dashboard Backend Services,"Admin API (/api/admin/*), AdminDashboardService, analytics endpoints","P1-AUTH-001 (requirePlatformOwner), P1-CONTENT-001, P1-ECOM-001","Admin service unit tests, authorization tests, analytics query tests, integration tests","Admin service implemented, analytics summary working, customer management, content management APIs, tests passing (95%+ coverage), CI green",4,Feature Packets,Backend Engineer
P1-SETTINGS-001,feature/P1-SETTINGS-001-platform-settings,Platform Settings Service,"Settings API (/api/admin/settings), PlatformSettingsService",P1-SETUP-001 (database),"Settings CRUD tests, validation tests, logo upload tests","Settings service implemented, CRUD operations, logo upload to R2, tests passing (95%+ coverage), CI green",2,Feature Packets,Backend Engineer
P1-ECOM-002,feature/P1-ECOM-002-refund-processing,Refund Processing (Worked Example),"Refund API (/api/admin/purchases/:id/refund), refund workflow","P1-ECOM-001 (purchases), P1-NOTIFY-001 (emails), P1-ACCESS-001 (access check)","Unit tests (8 tests, 100% refund logic), integration tests, contract tests, E2E test","Refund method implemented, 30-day window enforced, Stripe refund integration, access revocation, email notification, tests passing (100% on refund), CI green",3,Feature Packets,Backend Engineer + Payment Specialist
P1-INTEG-001,feature/P1-INTEG-001-e2e-purchase-flow,End-to-End Purchase Flow Integration,"Complete purchase flow, integration test suite, contract tests","All feature packets (P1-AUTH-001, P1-CONTENT-001, P1-ECOM-001, P1-ACCESS-001)","E2E tests (purchase flow, free content, access denial), performance benchmarks, contract tests","E2E tests covering full flow, contract tests verify API stability, performance benchmarks met, CI runs E2E on every PR",4,Integration,QA Engineer + Backend Engineer
P1-INTEG-002,feature/P1-INTEG-002-cross-feature-validation,Cross-Feature Integration Validation,"Integration test suite, data flow validation",All Phase 1 feature packets,"Integration tests (data flow), organization scoping validation, error handling tests","All features integrated, data flows correctly, organization scoping verified, error handling consistent, tests passing",3,Integration,QA Engineer + Backend Engineer
P1-RELEASE-001,feature/P1-RELEASE-001-deployment-prep,Production Deployment Checklist,"Deployment scripts, health checks, smoke tests",All feature and integration packets,"Health check tests, smoke tests, deployment script validation","All pre-deployment checks completed, secrets configured, migrations ready, monitoring configured, smoke tests passing",2,Release Prep,DevOps + Backend Engineer
